difficulty,image,romanized,,audio_recording,translation_hanzi,topic,pronunciation_hanzi,explanation,id,created_date,updated_date,created_by_id,created_by,is_sample
intermediate,,ahi,https://github.com/fflushmail/xibo/raw/refs/heads/main/%D7%90%D7%97%D7%99.m4a,אחי,兄弟,slang,阿 hi,俚语，用来称呼朋友或任何人，类似英语里的'bro'。不一定真的是兄弟。可以像‘哥们儿’一样用的。,6a3d76bf9ab921c25ea1654d,2026-06-25 18:43:12,2026-06-25 20:38:28,6a3d744fb60a7a4c61d29100,elianahaddad12@gmail.com,FALSE
beginner,,ahot,https://github.com/fflushmail/xibo/raw/refs/heads/main/%D7%90%D7%97%D7%95%D7%AA.m4a,אחות,姐妹,daily,阿后特,如果想说“我的姐妹”要说 “阿后体” ahoti.,6a3ea39dde603ecc64e89125,2026-06-26 16:06:54,2026-06-26 16:06:54,6a3d744fb60a7a4c61d29100,elianahaddad12@gmail.com,FALSE
beginner,,agvaniya,https://github.com/fflushmail/xibo/raw/refs/heads/main/%D7%A2%D7%92%D7%91%D7%A0%D7%99%D7%99%D7%94.m4a,עגבניה,西红柿,food,阿格瓦尼娅,,6a3ea657eba303645aaa3db9,2026-06-28 16:00:00,2026-06-28 16:00:00,6a3d744fb60a7a4c61d29100,elianahaddad12@gmail.com,FALSE
beginner,,ani,https://github.com/fflushmail/xibo/raw/refs/heads/main/%D7%90%D7%A0%D7%99.m4a,אני,我,daily,阿尼,,6a3ea657eba303645aaa3d72,2026-06-28 12:11:24,2026-06-28 12:11:24,6a3d744fb60a7a4c61d29100,elianahaddad12@gmail.com,FALSE
beginner,,ani ayef,https://github.com/fflushmail/xibo/raw/refs/heads/main/%D7%90%D7%A0%D7%99%20%D7%A2%D7%99%D7%99%D7%A3.m4a,אני עייף,我很累（男的）,daily, ,,6a3ea657eba303645aaa3d7d,2026-06-28 12:11:24,2026-06-28 12:11:24,6a3d744fb60a7a4c61d29100,elianahaddad12@gmail.com,FALSE
beginner,,ani oleh lishon,https://github.com/fflushmail/xibo/raw/refs/heads/main/%D7%90%D7%A0%D7%99%20%D7%94%D7%95%D7%9C%D7%9A%20%D7%9C%D7%99%D7%A9%D7%95%D7%9F.m4a,אני הולך לישון,我去睡觉,daily,阿尼 霍列赫 丽顺,,6a3ea657eba303645aaa3d79,2026-06-28 12:11:24,2026-06-28 12:11:24,6a3d744fb60a7a4c61d29100,elianahaddad12@gmail.com,FALSE
beginner,,ani same‘ah me’od,https://github.com/fflushmail/xibo/raw/refs/heads/main/%D7%90%D7%A0%D7%99%20%D7%A9%D7%9E%D7%97%20%D7%9E%D7%90%D7%95%D7%93.m4a,אני שמח מאוד,我很高兴,daily,阿尼 萨梅阿赫 梅奥德,,6a3ea657eba303645aaa3d7a,2026-06-28 12:11:24,2026-06-28 12:11:24,6a3d744fb60a7a4c61d29100,elianahaddad12@gmail.com,FALSE
beginner,,arba,https://github.com/fflushmail/xibo/raw/refs/heads/main/%D7%90%D7%A8%D7%91%D7%A2.m4a,ארבע,四,numbers,阿尔巴,,,2026-06-28 15:38:07,2026-06-28 15:38:07,6a3d744fb60a7a4c61d29100,elianahaddad12@gmail.com,FALSE
beginner,,asur,https://github.com/fflushmail/xibo/raw/refs/heads/main/%D7%90%D7%A1%D7%95%D7%A8.m4a,אסור,禁止,rules,阿苏尔,例如：asur le'ashen (禁止吸烟),6a3ea657eba303645aaa3dad,2026-06-28 15:28:43,2026-06-28 15:28:43,6a3d744fb60a7a4c61d29100,elianahaddad12@gmail.com,FALSE
beginner,,at,https://github.com/fflushmail/xibo/raw/refs/heads/main/%D7%90%D7%AA.m4a,את,你 （对女生）,daily,阿特,,6a3ea657eba303645aaa3d73,2026-06-28 12:11:24,2026-06-28 12:11:24,6a3d744fb60a7a4c61d29100,elianahaddad12@gmail.com,FALSE
beginner,,ata,https://github.com/fflushmail/xibo/raw/refs/heads/main/%D7%90%D7%AA%D7%94.m4a,אתה,你 （对男生）,daily,阿塔,,6a3ea657eba303645aaa3d74,2026-06-28 12:11:24,2026-06-28 12:11:24,6a3d744fb60a7a4c61d29100,elianahaddad12@gmail.com,FALSE
beginner,,atem,https://github.com/fflushmail/xibo/raw/refs/heads/main/%D7%90%D7%AA%D7%9D.m4a,אתם,你们,daily,阿特姆,,6a3ea657eba303645aaa3d75,2026-06-28 12:11:24,2026-06-28 12:11:24,6a3d744fb60a7a4c61d29100,elianahaddad12@gmail.com,FALSE
beginner,,avoda,https://github.com/fflushmail/xibo/raw/refs/heads/main/%D7%A2%D7%91%D7%95%D7%93%D7%94.m4a,עבודה,工作,work,阿波达,,6a3ea657eba303645aaa3d85,2026-06-28 15:24:00,2026-06-28 15:24:00,6a3d744fb60a7a4c61d29100,elianahaddad12@gmail.com,FALSE
beginner,,ayef,https://github.com/fflushmail/xibo/raw/refs/heads/main/%D7%A2%D7%99%D7%99%D7%A3.m4a,עייף,累 （男的）,daily,阿耶夫,,6a3ea657eba303645aaa3d7b,2026-06-28 12:11:24,2026-06-28 12:11:24,6a3d744fb60a7a4c61d29100,elianahaddad12@gmail.com,FALSE
beginner,,ayefa,https://github.com/fflushmail/xibo/raw/refs/heads/main/%D7%A2%D7%99%D7%99%D7%A4%D7%94.m4a,עייפה,累（女的）,daily,阿耶法,,6a3ea657eba303645aaa3d7c,2026-06-28 12:11:24,2026-06-28 12:11:24,6a3d744fb60a7a4c61d29100,elianahaddad12@gmail.com,FALSE
beginner,,banana,https://github.com/fflushmail/xibo/raw/refs/heads/main/%D7%91%D7%A0%D7%A0%D7%94.m4a,בננה,香蕉,food,巴拿拿,,6a3ea657eba303645aaa3db8,2026-06-28 16:00:00,2026-06-28 16:00:00,6a3d744fb60a7a4c61d29100,elianahaddad12@gmail.com,FALSE
beginner,,baruh aba,https://github.com/fflushmail/xibo/raw/refs/heads/main/%D7%91%D7%A8%D7%95%D7%9A%20%D7%94%D7%91%D7%90.m4a,ברוך הבא,欢迎,greetings,巴鲁赫 啊巴,,6a3ea657eba303645aaa3d83,2026-06-28 12:11:24,2026-06-28 12:11:24,6a3d744fb60a7a4c61d29100,elianahaddad12@gmail.com,FALSE
beginner,,basa,https://github.com/fflushmail/xibo/raw/refs/heads/main/%D7%91%D7%90%D7%A1%D7%94.m4a,באסה,真糟糕 / 扫兴,slang,巴萨,"表示失望或扫兴。例如：错过了公交车，可以说 ""eize ba'asa"" (真扫兴/太糟糕了)。",6a3ea657eba303645aaa3d8c,2026-06-28 15:24:00,2026-06-28 15:24:00,6a3d744fb60a7a4c61d29100,elianahaddad12@gmail.com,FALSE
beginner,,basar,https://github.com/fflushmail/xibo/raw/refs/heads/main/%D7%91%D7%A9%D7%A8.m4a,בשר,肉,food,巴萨尔,,6a3ea657eba303645aaa3db3,2026-06-28 16:00:00,2026-06-28 16:00:00,6a3d744fb60a7a4c61d29100,elianahaddad12@gmail.com,FALSE
beginner,,batzal,https://github.com/fflushmail/xibo/raw/refs/heads/main/%D7%91%D7%A6%D7%9C.m4a,בצל,洋葱,food,巴察尔,,6a3ea657eba303645aaa3dbc,2026-06-28 16:00:00,2026-06-28 16:00:00,6a3d744fb60a7a4c61d29100,elianahaddad12@gmail.com,FALSE
beginner,,bayit,https://github.com/fflushmail/xibo/raw/refs/heads/main/%D7%91%D7%99%D7%AA.m4a,בית,家 / 房子,daily,巴伊特,,6a3ea657eba303645aaa3da0,2026-06-28 15:28:43,2026-06-28 15:28:43,6a3d744fb60a7a4c61d29100,elianahaddad12@gmail.com,FALSE
beginner,,beitsa,https://github.com/fflushmail/xibo/raw/refs/heads/main/%D7%91%D7%99%D7%A6%D7%94.m4a,ביצה,鸡蛋,food,贝察,,6a3ea657eba303645aaa3db6,2026-06-28 16:00:00,2026-06-28 16:00:00,6a3d744fb60a7a4c61d29100,elianahaddad12@gmail.com,FALSE
beginner,,Bete a von,https://github.com/fflushmail/xibo/raw/refs/heads/main/%D7%91%D7%AA%D7%90%D7%91%D7%95%D7%9F.m4a,בתאבון,祝你胃口好,daily,被忒阿否呢,如果你跟别人一起吃饭，或者看别人吃饭， 一定要对他们说 bete avon,6a3ea3382c1054799d7dbf8b,2026-06-26 16:05:12,2026-06-26 16:05:12,6a3d744fb60a7a4c61d29100,elianahaddad12@gmail.com,FALSE
beginner,,bitu’ah,https://github.com/fflushmail/xibo/raw/refs/heads/main/%D7%91%D7%99%D7%98%D7%95%D7%97.m4a,ביטוח,保险,work,比图阿赫,,6a3ea657eba303645aaa3da6,2026-06-28 15:28:43,2026-06-28 15:28:43,6a3d744fb60a7a4c61d29100,elianahaddad12@gmail.com,FALSE
beginner,,boker tov,https://github.com/fflushmail/xibo/raw/refs/heads/main/%D7%91%D7%95%D7%A7%D7%A8%20%D7%98%D7%95%D7%91.m4a,בוקר טוב,早上好,greetings,波克 托夫,,6a3ea657eba303645aaa3d93,2026-06-28 15:24:00,2026-06-28 15:24:00,6a3d744fb60a7a4c61d29100,elianahaddad12@gmail.com,FALSE
beginner,,hamesh,https://github.com/fflushmail/xibo/raw/refs/heads/main/%D7%97%D7%9E%D7%A9.m4a,חמש,五,numbers,哈梅什,,,2026-06-28 15:38:07,2026-06-28 15:38:07,6a3d744fb60a7a4c61d29100,elianahaddad12@gmail.com,FALSE
beginner,,dag,https://github.com/fflushmail/xibo/raw/refs/heads/main/%D7%93%D7%92.m4a,דג,鱼,food,达格,,6a3ea657eba303645aaa3db5,2026-06-28 16:00:00,2026-06-28 16:00:00,6a3d744fb60a7a4c61d29100,elianahaddad12@gmail.com,FALSE
beginner,,dai,https://github.com/fflushmail/xibo/raw/refs/heads/main/%D7%93%D7%99.m4a,די,够了,daily,带,,6a3ea3e564a9e1e30880ad7e,2026-06-26 16:08:06,2026-06-26 16:08:06,6a3d744fb60a7a4c61d29100,elianahaddad12@gmail.com,FALSE
beginner,,dira,https://github.com/fflushmail/xibo/raw/refs/heads/main/%D7%93%D7%99%D7%A8%D7%94.m4a,דירה,公寓,daily,迪拉,,6a3ea657eba303645aaa3da1,2026-06-28 15:28:43,2026-06-28 15:28:43,6a3d744fb60a7a4c61d29100,elianahaddad12@gmail.com,FALSE
beginner,,efes,https://github.com/fflushmail/xibo/raw/refs/heads/main/%D7%90%D7%A4%D7%A1.m4a,אפס,零,numbers,埃菲斯,,,2026-06-28 15:38:07,2026-06-28 15:38:07,6a3d744fb60a7a4c61d29100,elianahaddad12@gmail.com,FALSE
beginner,,ehad,https://github.com/fflushmail/xibo/raw/refs/heads/main/%D7%90%D7%97%D7%93.m4a,אחת,一,numbers,欸哈德,,,2026-06-28 15:38:07,2026-06-28 15:38:07,6a3d744fb60a7a4c61d29100,elianahaddad12@gmail.com,FALSE
beginner,,eize,https://github.com/fflushmail/xibo/raw/refs/heads/main/%D7%90%D7%99%D7%96%D7%94.m4a,איזה,哪个 / 真... (感叹),daily,埃泽,例如：ezeh yofi (真漂亮/太好了)，ezeh ba'asa (真扫兴),6a3ea657eba303645aaa3db0,2026-06-28 15:28:43,2026-06-28 15:28:43,6a3d744fb60a7a4c61d29100,elianahaddad12@gmail.com,FALSE
beginner,,erev tov,https://github.com/fflushmail/xibo/raw/refs/heads/main/%D7%A2%D7%A8%D7%91%20%D7%98%D7%95%D7%91.m4a,ערב טוב,晚上好,greetings,欸类v 托v,这个我不知道好用汉字可以怎么写，因为有很多中文里不存在的声音,6a3ea62731e0fb2fb3278f19,2026-06-26 16:17:44,2026-06-26 16:17:44,6a3d744fb60a7a4c61d29100,elianahaddad12@gmail.com,FALSE
beginner,,eser,https://github.com/fflushmail/xibo/raw/refs/heads/main/%D7%A2%D7%A9%D7%A8.m4a,עשר,十,numbers,埃塞,在以色列，不像在中国可以用单手比划数字（比如6到10），在这里比划大于5的数字需要用双手。,,2026-06-28 15:38:07,2026-06-28 15:38:07,6a3d744fb60a7a4c61d29100,elianahaddad12@gmail.com,FALSE
beginner,,gam,https://github.com/fflushmail/xibo/raw/refs/heads/main/%D7%92%D7%9D.m4a,גם,也,daily,嘎m,,6a3ea657eba303645aaa3d7e,2026-06-28 12:11:24,2026-06-28 12:11:24,6a3d744fb60a7a4c61d29100,elianahaddad12@gmail.com,FALSE
beginner,,gam ani,https://github.com/fflushmail/xibo/raw/refs/heads/main/%D7%92%D7%9D%20%D7%90%D7%A0%D7%99.m4a,גם אני,我也,daily,嘎m 阿尼,,6a3ea657eba303645aaa3d7f,2026-06-28 12:11:24,2026-06-28 12:11:24,6a3d744fb60a7a4c61d29100,elianahaddad12@gmail.com,FALSE
beginner,,gezer,https://github.com/fflushmail/xibo/raw/refs/heads/main/%D7%92%D7%96%D7%A8.m4a,גזר,胡萝卜,food,盖泽尔,,6a3ea657eba303645aaa3dbb,2026-06-28 16:00:00,2026-06-28 16:00:00,6a3d744fb60a7a4c61d29100,elianahaddad12@gmail.com,FALSE
beginner,,glida,https://github.com/fflushmail/xibo/raw/refs/heads/main/%D7%92%D7%9C%D7%99%D7%93%D7%94.m4a,גלידה,冰淇淋,food,格丽达,,6a3ea657eba303645aaa3dc8,2026-06-28 16:00:00,2026-06-28 16:00:00,6a3d744fb60a7a4c61d29100,elianahaddad12@gmail.com,FALSE
beginner,,hag same‘ah,https://github.com/fflushmail/xibo/raw/refs/heads/main/%D7%97%D7%92%20%D7%A9%D7%9E%D7%97.m4a,חג שמח,节日快乐,greetings,哈格 萨梅阿赫,,6a3ea657eba303645aaa3d80,2026-06-28 12:11:24,2026-06-28 12:11:24,6a3d744fb60a7a4c61d29100,elianahaddad12@gmail.com,FALSE
beginner,,halas,https://github.com/fflushmail/xibo/raw/refs/heads/main/%D7%97%D7%9C%D7%90%D7%A1.m4a,חלאס,够了,slang,哈拉斯,哈拉斯这个词稍微生硬一些,6a3ea4456422c7e7fb6df8fe,2026-06-26 16:09:41,2026-06-26 16:09:41,6a3d744fb60a7a4c61d29100,elianahaddad12@gmail.com,FALSE
beginner,,halav,https://github.com/fflushmail/xibo/raw/refs/heads/main/%D7%97%D7%9C%D7%91.m4a,חלב,牛奶,food,哈拉夫,,6a3ea657eba303645aaa3db2,2026-06-28 16:00:00,2026-06-28 16:00:00,6a3d744fb60a7a4c61d29100,elianahaddad12@gmail.com,FALSE
beginner,,hashmal,https://github.com/fflushmail/xibo/raw/refs/heads/main/%D7%97%D7%A9%D7%9E%D7%9C.m4a,חשמל,电,daily,哈什玛尔,,6a3ea657eba303645aaa3d9c,2026-06-28 15:28:43,2026-06-28 15:28:43,6a3d744fb60a7a4c61d29100,elianahaddad12@gmail.com,FALSE
beginner,,hofesh,https://github.com/fflushmail/xibo/raw/refs/heads/main/%D7%97%D7%95%D7%A4%D7%A9.m4a,חופש,假期 / 休息,work,霍费什,,6a3ea657eba303645aaa3dab,2026-06-28 15:28:43,2026-06-28 15:28:43,6a3d744fb60a7a4c61d29100,elianahaddad12@gmail.com,FALSE
beginner,,hole,https://github.com/fflushmail/xibo/raw/refs/heads/main/%D7%97%D7%95%D7%9C%D7%94.m4a,חולה,生病,health,霍列,,6a3ea657eba303645aaa3d8e,2026-06-28 15:24:00,2026-06-28 15:24:00,6a3d744fb60a7a4c61d29100,elianahaddad12@gmail.com,FALSE
beginner,,kafe,https://github.com/fflushmail/xibo/raw/refs/heads/main/%D7%A7%D7%A4%D7%94.m4a,קפה,咖啡,food,卡费,,6a3ea657eba303645aaa3dc4,2026-06-28 16:00:00,2026-06-28 16:00:00,6a3d744fb60a7a4c61d29100,elianahaddad12@gmail.com,FALSE
beginner,,kama ze ole,https://github.com/fflushmail/xibo/raw/refs/heads/main/%D7%9B%D7%9E%D7%94%20%D7%96%D7%94%20%D7%A2%D7%95%D7%9C%D7%94.m4a,כמה זה עולה,这个多少钱,shopping,卡玛 泽 奥列,,6a3ea657eba303645aaa3d95,2026-06-28 15:24:00,2026-06-28 15:24:00,6a3d744fb60a7a4c61d29100,elianahaddad12@gmail.com,FALSE
beginner,,kanyon,https://github.com/fflushmail/xibo/raw/refs/heads/main/%D7%A7%D7%A0%D7%99%D7%95%D7%9F.m4a,קניון,购物中心,daily,坎永,,6a3ea657eba303645aaa3d91,2026-06-28 15:24:00,2026-06-28 15:24:00,6a3d744fb60a7a4c61d29100,elianahaddad12@gmail.com,FALSE
beginner,,ken,https://github.com/fflushmail/xibo/raw/refs/heads/main/%D7%9B%D7%9F.m4a,כן,是,greetings,肯,,6a3d76bf9ab921c25ea16542,2026-06-25 18:43:12,2026-06-25 20:26:36,6a3d744fb60a7a4c61d29100,elianahaddad12@gmail.com,FALSE
beginner,,kesef,https://github.com/fflushmail/xibo/raw/refs/heads/main/%D7%9B%D7%A1%D7%A3.m4a,כסף,钱,daily,克塞夫,,6a3ea657eba303645aaa3d86,2026-06-28 15:24:00,2026-06-28 15:24:00,6a3d744fb60a7a4c61d29100,elianahaddad12@gmail.com,FALSE
beginner,,kupa,https://github.com/fflushmail/xibo/raw/refs/heads/main/%D7%A7%D7%95%D7%A4%D7%94.m4a,קופה,收银台,shopping,库帕,,6a3ea657eba303645aaa3da4,2026-06-28 15:28:43,2026-06-28 15:28:43,6a3d744fb60a7a4c61d29100,elianahaddad12@gmail.com,FALSE
intermediate,,la’anot,https://github.com/fflushmail/xibo/raw/refs/heads/main/%D7%9C%D7%A2%D7%A0%D7%95%D7%AA.m4a,לענות,回答,verbs,拉阿诺特,,6a3ea657eba303645aaa3dd6,2026-06-28 16:00:00,2026-06-28 16:00:00,6a3d744fb60a7a4c61d29100,elianahaddad12@gmail.com,FALSE
beginner,,la‘avod,https://github.com/fflushmail/xibo/raw/refs/heads/main/%D7%9C%D7%A2%D7%91%D7%95%D7%93.m4a,לעבוד,工作,verbs,拉阿沃德,,6a3ea657eba303645aaa3dcc,2026-06-28 16:00:00,2026-06-28 16:00:00,6a3d744fb60a7a4c61d29100,elianahaddad12@gmail.com,FALSE
intermediate,,lada’at,https://github.com/fflushmail/xibo/raw/refs/heads/main/%D7%9C%D7%93%D7%A2%D7%AA.m4a,לדעת,知道,verbs,拉达阿特,,6a3ea657eba303645aaa3dd8,2026-06-28 16:00:00,2026-06-28 16:00:00,6a3d744fb60a7a4c61d29100,elianahaddad12@gmail.com,FALSE
intermediate,,lahshov,https://github.com/fflushmail/xibo/raw/refs/heads/main/%D7%9C%D7%97%D7%A9%D7%95%D7%91.m4a,לחשוב,想,verbs,拉赫绍夫,,6a3ea657eba303645aaa3dd7,2026-06-28 16:00:00,2026-06-28 16:00:00,6a3d744fb60a7a4c61d29100,elianahaddad12@gmail.com,FALSE
beginner,,lakum,https://github.com/fflushmail/xibo/raw/refs/heads/main/%D7%9C%D7%A7%D7%95%D7%9D.m4a,לקום,起床,verbs,拉库姆,,6a3ea657eba303645aaa3dcd,2026-06-28 16:00:00,2026-06-28 16:00:00,6a3d744fb60a7a4c61d29100,elianahaddad12@gmail.com,FALSE
beginner,,lalehet,https://github.com/fflushmail/xibo/raw/refs/heads/main/%D7%9C%D7%9C%D7%9B%D7%AA.m4a,ללכת,走 / 去,verbs,拉列赫特,,6a3ea657eba303645aaa3dcb,2026-06-28 16:00:00,2026-06-28 16:00:00,6a3d744fb60a7a4c61d29100,elianahaddad12@gmail.com,FALSE
beginner,,layla tov,https://github.com/fflushmail/xibo/raw/refs/heads/main/%D7%9C%D7%99%D7%9C%D7%94%20%D7%98%D7%95%D7%91.m4a,לילה טוב,晚安,greetings,来啦 托 v,英语的 ‘v’ ,6a3ea5aa17b190bd7f48b6ef,2026-06-26 16:15:38,2026-06-26 16:15:38,6a3d744fb60a7a4c61d29100,elianahaddad12@gmail.com,FALSE
beginner,,le’ehol,https://github.com/fflushmail/xibo/raw/refs/heads/main/%D7%9C%D7%90%D7%9B%D7%95%D7%9C.m4a,לאכול,吃,verbs,莱埃霍尔,,6a3ea657eba303645aaa3dc9,2026-06-28 16:00:00,2026-06-28 16:00:00,6a3d744fb60a7a4c61d29100,elianahaddad12@gmail.com,FALSE
intermediate,,le‘agiya,https://github.com/fflushmail/xibo/raw/refs/heads/main/%D7%9C%D7%94%D7%92%D7%99%D7%A2.m4a,להגיע,到达,verbs,莱哈吉亚,,6a3ea657eba303645aaa3dd9,2026-06-28 16:00:00,2026-06-28 16:00:00,6a3d744fb60a7a4c61d29100,elianahaddad12@gmail.com,FALSE
intermediate,,le‘amshih,https://github.com/fflushmail/xibo/raw/refs/heads/main/%D7%9C%D7%94%D7%9E%D7%A9%D7%99%D7%9A.m4a,להמשיך,继续,verbs,莱哈姆希赫,,6a3ea657eba303645aaa3dd3,2026-06-28 16:00:00,2026-06-28 16:00:00,6a3d744fb60a7a4c61d29100,elianahaddad12@gmail.com,FALSE
intermediate,,le’argish,https://github.com/fflushmail/xibo/raw/refs/heads/main/%D7%9C%D7%94%D7%A8%D7%92%D7%99%D7%A9.m4a,להרגיש,感觉,verbs,莱哈尔吉什,,6a3ea657eba303645aaa3dd1,2026-06-28 16:00:00,2026-06-28 16:00:00,6a3d744fb60a7a4c61d29100,elianahaddad12@gmail.com,FALSE
intermediate,,le‘athil,https://github.com/fflushmail/xibo/raw/refs/heads/main/%D7%9C%D7%94%D7%AA%D7%97%D7%99%D7%9C.m4a,להתחיל,开始,verbs,莱哈特希尔,,6a3ea657eba303645aaa3dd2,2026-06-28 16:00:00,2026-06-28 16:00:00,6a3d744fb60a7a4c61d29100,elianahaddad12@gmail.com,FALSE
intermediate,,le’avin,https://github.com/fflushmail/xibo/raw/refs/heads/main/%D7%9C%D7%94%D7%91%D7%99%D7%9F.m4a,להבין,明白 / 理解,verbs,莱哈文,,6a3ea657eba303645aaa3dd0,2026-06-28 16:00:00,2026-06-28 16:00:00,6a3d744fb60a7a4c61d29100,elianahaddad12@gmail.com,FALSE
intermediate,,le‘azmin,https://github.com/fflushmail/xibo/raw/refs/heads/main/%D7%9C%D7%94%D7%96%D7%9E%D7%99%D7%9F.m4a,להזמין,点菜 / 邀请,verbs,莱哈兹明,,6a3ea657eba303645aaa3dd4,2026-06-28 16:00:00,2026-06-28 16:00:00,6a3d744fb60a7a4c61d29100,elianahaddad12@gmail.com,FALSE
beginner,,lehem,https://github.com/fflushmail/xibo/raw/refs/heads/main/%D7%9C%D7%97%D7%9D.m4a,לחם,面包,food,列赫姆,,6a3ea657eba303645aaa3db1,2026-06-28 16:00:00,2026-06-28 16:00:00,6a3d744fb60a7a4c61d29100,elianahaddad12@gmail.com,FALSE
beginner,,liknot,https://github.com/fflushmail/xibo/raw/refs/heads/main/%D7%9C%D7%A7%D7%A0%D7%95%D7%AA.m4a,לקנות,买,verbs,利克诺特,,6a3ea657eba303645aaa3dce,2026-06-28 16:00:00,2026-06-28 16:00:00,6a3d744fb60a7a4c61d29100,elianahaddad12@gmail.com,FALSE
beginner,,lir’ot,https://github.com/fflushmail/xibo/raw/refs/heads/main/%D7%9C%D7%A8%D7%90%D7%95%D7%AA.m4a,לראות,看,verbs,利尔奥特,,6a3ea657eba303645aaa3dcf,2026-06-28 16:00:00,2026-06-28 16:00:00,6a3d744fb60a7a4c61d29100,elianahaddad12@gmail.com,FALSE
intermediate,,lishol,https://github.com/fflushmail/xibo/raw/refs/heads/main/%D7%9C%D7%A9%D7%90%D7%95%D7%9C.m4a,לשאול,问,verbs,利什奥尔,,6a3ea657eba303645aaa3dd5,2026-06-28 16:00:00,2026-06-28 16:00:00,6a3d744fb60a7a4c61d29100,elianahaddad12@gmail.com,FALSE
beginner,,lishon,https://github.com/fflushmail/xibo/raw/refs/heads/main/%D7%9C%D7%99%D7%A9%D7%95%D7%9F.m4a,לישון,睡觉,daily,丽顺,,6a3ea657eba303645aaa3d78,2026-06-28 12:11:24,2026-06-28 12:11:24,6a3d744fb60a7a4c61d29100,elianahaddad12@gmail.com,FALSE
beginner,,lishtot,https://github.com/fflushmail/xibo/raw/refs/heads/main/%D7%9C%D7%A9%D7%AA%D7%95%D7%AA.m4a,לשתות,喝,verbs,利什托特,,6a3ea657eba303645aaa3dca,2026-06-28 16:00:00,2026-06-28 16:00:00,6a3d744fb60a7a4c61d29100,elianahaddad12@gmail.com,FALSE
beginner,,lo,https://github.com/fflushmail/xibo/raw/refs/heads/main/%D7%9C%D7%90.m4a,לא,不,greetings,咯 （lo),,6a3d76bf9ab921c25ea16543,2026-06-25 18:43:12,2026-06-25 20:29:20,6a3d744fb60a7a4c61d29100,elianahaddad12@gmail.com,FALSE
beginner,,ma asha‘a,https://github.com/fflushmail/xibo/raw/refs/heads/main/%D7%9E%D7%94%20%D7%94%D7%A9%D7%A2%D7%94.m4a,מה השעה,几点了,daily,玛 哈沙阿,,6a3ea657eba303645aaa3d92,2026-06-28 15:24:00,2026-06-28 15:24:00,6a3d744fb60a7a4c61d29100,elianahaddad12@gmail.com,FALSE
beginner,,ma’asik,https://github.com/fflushmail/xibo/raw/refs/heads/main/%D7%9E%D7%A2%D7%A1%D7%99%D7%A7.m4a,מעסיק,雇主,work,玛阿西克,,6a3ea657eba303645aaa3da9,2026-06-28 15:28:43,2026-06-28 15:28:43,6a3d744fb60a7a4c61d29100,elianahaddad12@gmail.com,FALSE
beginner,,ma itha,https://github.com/fflushmail/xibo/raw/refs/heads/main/%D7%9E%D7%94%20%D7%90%D7%99%D7%AA%D7%9A.m4a,מה איתך,你呢,greetings,玛 伊特哈,,6a3ea657eba303645aaa3d81,2026-06-28 12:11:24,2026-06-28 12:11:24,6a3d744fb60a7a4c61d29100,elianahaddad12@gmail.com,FALSE
beginner,,ma kore,https://github.com/fflushmail/xibo/raw/refs/heads/main/%D7%9E%D7%94%20%D7%A7%D7%95%D7%A8%D7%94.m4a,מה קורה,怎么了 / 最近怎样,greetings,玛 科雷,,6a3ea657eba303645aaa3d94,2026-06-28 15:24:00,2026-06-28 15:24:00,6a3d744fb60a7a4c61d29100,elianahaddad12@gmail.com,FALSE
beginner,,ma nishma,https://github.com/fflushmail/xibo/raw/refs/heads/main/%D7%9E%D7%94%20%D7%A0%D7%A9%D7%9E%D7%A2.m4a,מה נשמע,你好吗 / 最近怎么样,greetings,玛 尼什玛,,6a3ea657eba303645aaa3d89,2026-06-28 15:24:00,2026-06-28 15:24:00,6a3d744fb60a7a4c61d29100,elianahaddad12@gmail.com,FALSE
beginner,,mahala,https://github.com/fflushmail/xibo/raw/refs/heads/main/%D7%9E%D7%97%D7%9C%D7%94.m4a,מחלה,疾病 / 病假,health,玛哈拉,,6a3ea657eba303645aaa3dac,2026-06-28 15:28:43,2026-06-28 15:28:43,6a3d744fb60a7a4c61d29100,elianahaddad12@gmail.com,FALSE
beginner,,makolet,https://github.com/fflushmail/xibo/raw/refs/heads/main/%D7%9E%D7%9B%D7%95%D7%9C%D7%AA.m4a,מכולת,杂货店,shopping,玛科列特,,6a3ea657eba303645aaa3da2,2026-06-28 15:28:43,2026-06-28 15:28:43,6a3d744fb60a7a4c61d29100,elianahaddad12@gmail.com,FALSE
beginner,,marak,https://github.com/fflushmail/xibo/raw/refs/heads/main/%D7%9E%D7%A8%D7%A7.m4a,מרק,汤,food,玛拉克,,6a3ea657eba303645aaa3dbf,2026-06-28 16:00:00,2026-06-28 16:00:00,6a3d744fb60a7a4c61d29100,elianahaddad12@gmail.com,FALSE
beginner,,maskoret,https://github.com/fflushmail/xibo/raw/refs/heads/main/%D7%9E%D7%A9%D7%9B%D7%95%D7%A8%D7%AA.m4a,משכורת,工资,work,玛斯柯列特,,6a3ea657eba303645aaa3daa,2026-06-28 15:28:43,2026-06-28 15:28:43,6a3d744fb60a7a4c61d29100,elianahaddad12@gmail.com,FALSE
beginner,,mayim,https://github.com/fflushmail/xibo/raw/refs/heads/main/%D7%9E%D7%99%D7%9D.m4a,מים,水,food,蚂蚁么,,6a3d76bf9ab921c25ea16545,2026-06-25 18:43:12,2026-06-25 20:34:19,6a3d744fb60a7a4c61d29100,elianahaddad12@gmail.com,FALSE
beginner,,mazgan,https://github.com/fflushmail/xibo/raw/refs/heads/main/%D7%9E%D7%96%D7%92%D7%9F.m4a,מזגן,空调,daily,玛兹干,,6a3ea657eba303645aaa3d9b,2026-06-28 15:28:43,2026-06-28 15:28:43,6a3d744fb60a7a4c61d29100,elianahaddad12@gmail.com,FALSE
beginner,,me‘od,https://github.com/fflushmail/xibo/raw/refs/heads/main/%D7%9E%D7%90%D7%95%D7%93.m4a,מאוד,很,daily,梅奥德,,6a3ea657eba303645aaa3d76,2026-06-28 12:11:24,2026-06-28 12:11:24,6a3d744fb60a7a4c61d29100,elianahaddad12@gmail.com,FALSE
beginner,,melafefon,https://github.com/fflushmail/xibo/raw/refs/heads/main/%D7%9E%D7%9C%D7%A4%D7%A4%D7%95%D7%9F.m4a,מלפפון,黄瓜,food,梅拉费丰,,6a3ea657eba303645aaa3dba,2026-06-28 16:00:00,2026-06-28 16:00:00,6a3d744fb60a7a4c61d29100,elianahaddad12@gmail.com,FALSE
beginner,,mena’el,https://github.com/fflushmail/xibo/raw/refs/heads/main/%D7%9E%D7%A0%D7%94%D7%9C.m4a,מנהל,经理,work,梅纳赫尔,,6a3ea657eba303645aaa3da8,2026-06-28 15:28:43,2026-06-28 15:28:43,6a3d744fb60a7a4c61d29100,elianahaddad12@gmail.com,FALSE
beginner,,mis‘ada,https://github.com/fflushmail/xibo/raw/refs/heads/main/%D7%9E%D7%A1%D7%A2%D7%93%D7%94.m4a,מסעדה,餐厅,food,米斯阿达,,6a3ea657eba303645aaa3d9e,2026-06-28 15:28:43,2026-06-28 15:28:43,6a3d744fb60a7a4c61d29100,elianahaddad12@gmail.com,FALSE
beginner,,mishpacha,https://github.com/fflushmail/xibo/raw/refs/heads/main/%D7%9E%D7%A9%D7%A4%D7%97%D7%94.m4a,משפחה,家庭,daily,米什帕哈,,6a3ea657eba303645aaa3d8d,2026-06-28 15:24:00,2026-06-28 15:24:00,6a3d744fb60a7a4c61d29100,elianahaddad12@gmail.com,FALSE
beginner,,mishtara,https://github.com/fflushmail/xibo/raw/refs/heads/main/%D7%9E%D7%A9%D7%98%D7%A8%D7%94.m4a,משטרה,警察,emergency,米什塔拉,,6a3ea657eba303645aaa3da5,2026-06-28 15:28:43,2026-06-28 15:28:43,6a3d744fb60a7a4c61d29100,elianahaddad12@gmail.com,FALSE
beginner,,misrad,https://github.com/fflushmail/xibo/raw/refs/heads/main/%D7%9E%D7%A9%D7%A8%D7%93.m4a,משרד,办公室,work,米斯拉德,,6a3ea657eba303645aaa3da7,2026-06-28 15:28:43,2026-06-28 15:28:43,6a3d744fb60a7a4c61d29100,elianahaddad12@gmail.com,FALSE
beginner,,mits,https://github.com/fflushmail/xibo/raw/refs/heads/main/%D7%9E%D7%99%D7%A5.m4a,מיץ,果汁,food,米茨,,6a3ea657eba303645aaa3dc6,2026-06-28 16:00:00,2026-06-28 16:00:00,6a3d744fb60a7a4c61d29100,elianahaddad12@gmail.com,FALSE
beginner,,mutar,https://github.com/fflushmail/xibo/raw/refs/heads/main/%D7%9E%D7%95%D7%AA%D7%A8.m4a,מותר,允许,rules,穆塔尔,,6a3ea657eba303645aaa3dae,2026-06-28 15:28:43,2026-06-28 15:28:43,6a3d744fb60a7a4c61d29100,elianahaddad12@gmail.com,FALSE
beginner,,of,https://github.com/fflushmail/xibo/raw/refs/heads/main/%D7%A2%D7%95%D7%A3.m4a,עוף,鸡肉,food,奥夫,,6a3ea657eba303645aaa3db4,2026-06-28 16:00:00,2026-06-28 16:00:00,6a3d744fb60a7a4c61d29100,elianahaddad12@gmail.com,FALSE
beginner,,ohel,https://github.com/fflushmail/xibo/raw/refs/heads/main/%D7%90%D7%95%D7%9B%D7%9C.m4a,אוכל,食物 / 吃,food,奥赫尔,,6a3ea657eba303645aaa3d90,2026-06-28 15:24:00,2026-06-28 15:24:00,6a3d744fb60a7a4c61d29100,elianahaddad12@gmail.com,FALSE
beginner,,olech,[link removed]%D7%94%D7%95%D7%9C%D7%9A.m4a,הולך,去 / 走路,daily,霍列赫,,6a3ea657eba303645aaa3d77,2026-06-28 12:11:24,2026-06-28 12:11:24,6a3d744fb60a7a4c61d29100,elianahaddad12@gmail.com,FALSE
beginner,,orez,https://github.com/fflushmail/xibo/raw/refs/heads/main/%D7%90%D7%95%D7%A8%D7%96.m4a,אורז,米饭,food,奥雷兹,,6a3ea657eba303645aaa3dbe,2026-06-28 16:00:00,2026-06-28 16:00:00,6a3d744fb60a7a4c61d29100,elianahaddad12@gmail.com,FALSE
beginner,,otobus,https://github.com/fflushmail/xibo/raw/refs/heads/main/%D7%90%D7%95%D7%98%D7%95%D7%91%D7%95%D7%A1.m4a,אוטובוס,公交车,transportation,奥托布斯,,6a3ea657eba303645aaa3d99,2026-06-28 15:24:00,2026-06-28 15:24:00,6a3d744fb60a7a4c61d29100,elianahaddad12@gmail.com,FALSE
beginner,,po,https://github.com/fflushmail/xibo/raw/refs/heads/main/%D7%A4%D7%94.m4a,פה,这里,daily,坡,,6a3ea657eba303645aaa3d87,2026-06-28 15:24:00,2026-06-28 15:24:00,6a3d744fb60a7a4c61d29100,elianahaddad12@gmail.com,FALSE
beginner,,pri,https://github.com/fflushmail/xibo/raw/refs/heads/main/%D7%A4%D7%A8%D7%99.m4a,פרי,水果,food,普里,,6a3ea657eba303645aaa3dc2,2026-06-28 16:00:00,2026-06-28 16:00:00,6a3d744fb60a7a4c61d29100,elianahaddad12@gmail.com,FALSE
beginner,,rakevet,https://github.com/fflushmail/xibo/raw/refs/heads/main/%D7%A8%D7%9B%D7%91%D7%AA.m4a,רכבת,火车,transportation,拉凯维特,,6a3ea657eba303645aaa3d9a,2026-06-28 15:24:00,2026-06-28 15:24:00,6a3d744fb60a7a4c61d29100,elianahaddad12@gmail.com,FALSE
beginner,,rehov,https://github.com/fflushmail/xibo/raw/refs/heads/main/%D7%A8%D7%97%D7%95%D7%91.m4a,רחוב,街道,directions,惹霍夫,,6a3ea657eba303645aaa3d9f,2026-06-28 15:28:43,2026-06-28 15:28:43,6a3d744fb60a7a4c61d29100,elianahaddad12@gmail.com,FALSE
beginner,,rofe,https://github.com/fflushmail/xibo/raw/refs/heads/main/%D7%A8%D7%95%D7%A4%D7%90.m4a,רופא,医生,health,罗非,,6a3ea657eba303645aaa3d8f,2026-06-28 15:24:00,2026-06-28 15:24:00,6a3d744fb60a7a4c61d29100,elianahaddad12@gmail.com,FALSE
beginner,,sababa,https://github.com/fflushmail/xibo/raw/refs/heads/main/%D7%A1%D7%91%D7%91%D7%94.m4a,סבבה,好的 / 没问题,slang,萨巴巴,"非常常用的口语，表示同意或感觉不错。例如：别人提议去吃饭，回答 ""sababa"" (好的/没问题)；问你感觉如何，回答 ""sababa"" (挺好的)。",6a3ea657eba303645aaa3d8a,2026-06-28 15:24:00,2026-06-28 15:24:00,6a3d744fb60a7a4c61d29100,elianahaddad12@gmail.com,FALSE
beginner,,sakana,https://github.com/fflushmail/xibo/raw/refs/heads/main/%D7%A1%D7%9B%D7%A0%D7%94.m4a,סכנה,危险,emergency,萨卡纳,,6a3ea657eba303645aaa3daf,2026-06-28 15:28:43,2026-06-28 15:28:43,6a3d744fb60a7a4c61d29100,elianahaddad12@gmail.com,FALSE
beginner,,salat,https://github.com/fflushmail/xibo/raw/refs/heads/main/%D7%A1%D7%9C%D7%98.m4a,סלט,沙拉,food,萨拉特,,6a3ea657eba303645aaa3dc0,2026-06-28 16:00:00,2026-06-28 16:00:00,6a3d744fb60a7a4c61d29100,elianahaddad12@gmail.com,FALSE
beginner,,same’ah,https://github.com/fflushmail/xibo/raw/refs/heads/main/%D7%A9%D7%9E%D7%97.m4a,שמח,高兴 / 快乐 （男的）,daily,萨梅阿赫,,6a3ea657eba303645aaa3d70,2026-06-28 12:11:24,2026-06-28 12:11:24,6a3d744fb60a7a4c61d29100,elianahaddad12@gmail.com,FALSE
beginner,,shalom,https://github.com/fflushmail/xibo/raw/refs/heads/main/%D7%A9%D7%9C%D7%95%D7%9D.m4a,שלום,你好 （和平）,greetings,沙罗么,"这个词既可以表示'你好'，也可以表示'再见'，还有'和平'的意思。根据上下文判断。
以色列人也会常常说“嗨”。",6a3d76bf9ab921c25ea16540,2026-06-25 18:43:12,2026-06-25 20:23:41,6a3d744fb60a7a4c61d29100,elianahaddad12@gmail.com,FALSE
beginner,,shalosh,https://github.com/fflushmail/xibo/raw/refs/heads/main/%D7%A9%D7%9C%D7%95%D7%A9.m4a,שלוש,三,numbers,沙洛什,,,2026-06-28 15:38:07,2026-06-28 15:38:07,6a3d744fb60a7a4c61d29100,elianahaddad12@gmail.com,FALSE
beginner,,sham,https://github.com/fflushmail/xibo/raw/refs/heads/main/%D7%A9%D7%9D.m4a,שם,那里,daily,沙姆,,6a3ea657eba303645aaa3d88,2026-06-28 15:24:00,2026-06-28 15:24:00,6a3d744fb60a7a4c61d29100,elianahaddad12@gmail.com,FALSE
beginner,,shekel,https://github.com/fflushmail/xibo/raw/refs/heads/main/%D7%A9%D7%A7%D7%9C.m4a,שקל,谢克尔 (货币),money,谢克尔,,6a3ea657eba303645aaa3d9d,2026-06-28 15:28:43,2026-06-28 15:28:43,6a3d744fb60a7a4c61d29100,elianahaddad12@gmail.com,FALSE
beginner,,shesh,https://github.com/fflushmail/xibo/raw/refs/heads/main/%D7%A9%D7%A9.m4a,שש,六,numbers,谢什,在以色列，不像在中国可以用单手比划数字（比如6到10），在这里比划大于5的数字需要用双手。,,2026-06-28 15:38:07,2026-06-28 15:38:07,6a3d744fb60a7a4c61d29100,elianahaddad12@gmail.com,FALSE
beginner,,sheva,https://github.com/fflushmail/xibo/raw/refs/heads/main/%D7%A9%D7%91%D7%A2.m4a,שבע,七,numbers,谢瓦,在以色列，不像在中国可以用单手比划数字（比如6到10），在这里比划大于5的数字需要用双手。,,2026-06-28 15:38:07,2026-06-28 15:38:07,6a3d744fb60a7a4c61d29100,elianahaddad12@gmail.com,FALSE
beginner,,shmonei,https://github.com/fflushmail/xibo/raw/refs/heads/main/%D7%A9%D7%9E%D7%95%D7%A0%D7%94.m4a,שמונה,八,numbers,什莫内,在以色列，不像在中国可以用单手比划数字（比如6到10），在这里比划大于5的数字需要用双手。,,2026-06-28 15:38:07,2026-06-28 15:38:07,6a3d744fb60a7a4c61d29100,elianahaddad12@gmail.com,FALSE
beginner,,shtayim,https://github.com/fflushmail/xibo/raw/refs/heads/main/%D7%A9%D7%AA%D7%99%D7%99%D7%9D.m4a,שתיים,二,numbers,什塔伊姆,,,2026-06-28 15:38:07,2026-06-28 15:38:07,6a3d744fb60a7a4c61d29100,elianahaddad12@gmail.com,FALSE
beginner,,shuk,https://github.com/fflushmail/xibo/raw/refs/heads/main/%D7%A9%D7%95%D7%A7.m4a,שוק,市场,shopping,舒克,,6a3ea657eba303645aaa3da3,2026-06-28 15:28:43,2026-06-28 15:28:43,6a3d744fb60a7a4c61d29100,elianahaddad12@gmail.com,FALSE
beginner,,shum,https://github.com/fflushmail/xibo/raw/refs/heads/main/%D7%A9%D7%95%D7%9D.m4a,שום,大蒜,food,舒姆,,6a3ea657eba303645aaa3dbd,2026-06-28 16:00:00,2026-06-28 16:00:00,6a3d744fb60a7a4c61d29100,elianahaddad12@gmail.com,FALSE
beginner,,sliha,https://github.com/fflushmail/xibo/raw/refs/heads/main/%D7%A1%D7%9C%D7%99%D7%97%D7%94.m4a,סליחה,对不起 / 不好意思 / 抱歉,greetings,斯利哈,"既可以表示'对不起'，也可以用来引起注意。例如：不小心撞到人说 ""sliha"" (对不起)；问路时说 ""sliha, eifo..."" (请问，...在哪里)。",6a3d76bf9ab921c25ea16544,2026-06-25 18:43:12,2026-06-25 20:32:19,6a3d744fb60a7a4c61d29100,elianahaddad12@gmail.com,FALSE
beginner,,smeha,https://github.com/fflushmail/xibo/raw/refs/heads/main/%D7%A9%D7%9E%D7%97%D7%94.m4a,שמחה,高兴 / 快乐 （女的）,daily,斯梅哈,,6a3ea657eba303645aaa3d71,2026-06-28 12:11:24,2026-06-28 12:11:24,6a3d744fb60a7a4c61d29100,elianahaddad12@gmail.com,FALSE
beginner,,smola,https://github.com/fflushmail/xibo/raw/refs/heads/main/%D7%A9%D7%9E%D7%90%D7%9C%D7%94.m4a,שמאלה,左边,directions,斯莫拉,,6a3ea657eba303645aaa3d98,2026-06-28 15:24:00,2026-06-28 15:24:00,6a3d744fb60a7a4c61d29100,elianahaddad12@gmail.com,FALSE
beginner,,tapu’ah,https://github.com/fflushmail/xibo/raw/refs/heads/main/%D7%AA%D7%A4%D7%95%D7%97.m4a,תפוח,苹果,food,塔普阿赫,,6a3ea657eba303645aaa3db7,2026-06-28 16:00:00,2026-06-28 16:00:00,6a3d744fb60a7a4c61d29100,elianahaddad12@gmail.com,FALSE
beginner,,tapu‘ah adama,https://github.com/fflushmail/xibo/raw/refs/heads/main/%D7%AA%D7%A4%D7%95%D7%97%20%D7%90%D7%93%D7%9E%D7%94.m4a,תפוח אדמה,土豆,food,塔普阿赫 阿达玛,,6a3ea657eba303645aaa3dc1,2026-06-28 16:00:00,2026-06-28 16:00:00,6a3d744fb60a7a4c61d29100,elianahaddad12@gmail.com,FALSE
beginner,,te,https://github.com/fflushmail/xibo/raw/refs/heads/main/%D7%AA%D7%94.m4a,תה,茶,food,特,,6a3ea657eba303645aaa3dc5,2026-06-28 16:00:00,2026-06-28 16:00:00,6a3d744fb60a7a4c61d29100,elianahaddad12@gmail.com,FALSE
beginner,,teisha,https://github.com/fflushmail/xibo/raw/refs/heads/main/%D7%AA%D7%A9%D7%A2.m4a,תשע,九,numbers,特沙,在以色列，不像在中国可以用单手比划数字（比如6到10），在这里比划大于5的数字需要用双手。,,2026-06-28 15:38:07,2026-06-28 15:38:07,6a3d744fb60a7a4c61d29100,elianahaddad12@gmail.com,FALSE
beginner,,toda,https://github.com/fflushmail/xibo/raw/refs/heads/main/%D7%AA%D7%95%D7%93%D7%94.m4a,תודה,谢谢,greetings,托达,”多谢“ 是 “托达 拉吧” toda raba. ,6a3d76bf9ab921c25ea16541,2026-06-25 18:43:12,2026-06-25 20:23:05,6a3d744fb60a7a4c61d29100,elianahaddad12@gmail.com,FALSE
beginner,,tov,https://github.com/fflushmail/xibo/raw/refs/heads/main/%D7%98%D7%95%D7%91.m4a,טוב,好 / 行 ,daily,,,6a3ea657eba303645aaa3d6e,2026-06-26 16:18:32,2026-06-26 16:18:32,6a3d744fb60a7a4c61d29100,elianahaddad12@gmail.com,FALSE
beginner,,tsa’o ra yim to vim,https://github.com/fflushmail/xibo/raw/refs/heads/main/%D7%A6%D7%94%D7%A8%D7%99%D7%99%D7%9D%20%D7%98%D7%95%D7%91%D7%99%D7%9D.m4a,צהריים טובים,中午好 / 下午好,greetings,草拉伊么 托vim,这个有点儿难，不过其实很多人就会说“沙罗么”,6a3ea546164232c12539930f,2026-06-26 16:13:58,2026-06-26 16:13:58,6a3d744fb60a7a4c61d29100,elianahaddad12@gmail.com,FALSE
beginner,,uga,https://github.com/fflushmail/xibo/raw/refs/heads/main/%D7%A2%D7%95%D7%92%D7%94.m4a,עוגה,蛋糕,food,乌加,,6a3ea657eba303645aaa3dc7,2026-06-28 16:00:00,2026-06-28 16:00:00,6a3d744fb60a7a4c61d29100,elianahaddad12@gmail.com,FALSE
beginner,,yafa,https://github.com/fflushmail/xibo/raw/refs/heads/main/%D7%99%D7%A4%D7%94.m4a,יפה,漂亮 （女的）,daily,雅法,,6a3ea657eba303645aaa3d84,2026-06-28 12:11:24,2026-06-28 12:11:24,6a3d744fb60a7a4c61d29100,elianahaddad12@gmail.com,FALSE
beginner,,yafe,https://github.com/fflushmail/xibo/raw/refs/heads/main/%D7%99%D7%A4%D7%94.m4a,יפה,漂亮 （男的） / 很好,daily,雅菲,,6a3ea657eba303645aaa3d82,2026-06-28 12:11:24,2026-06-28 12:11:24,6a3d744fb60a7a4c61d29100,elianahaddad12@gmail.com,FALSE
beginner,,yalla,https://github.com/fflushmail/xibo/raw/refs/heads/main/%D7%99%D7%90%D7%9C%D7%9C%D7%94.m4a,יאללה,走吧 / 快点,slang,雅拉,"根据语气有多种意思：可以催促 ""nu, yalla!"" (快点，走吧)；可以表示结束 ""yalla, zehu"" (好了，就这样)；也可以道别 ""yalla bye"" (拜拜)。",6a3ea657eba303645aaa3d8b,2026-06-28 15:24:00,2026-06-28 15:24:00,6a3d744fb60a7a4c61d29100,elianahaddad12@gmail.com,FALSE
beginner,,yashar,https://github.com/fflushmail/xibo/raw/refs/heads/main/%D7%99%D7%A9%D7%A8.m4a,ישר,直走,directions,雅沙尔,,6a3ea657eba303645aaa3d96,2026-06-28 15:24:00,2026-06-28 15:24:00,6a3d744fb60a7a4c61d29100,elianahaddad12@gmail.com,FALSE
beginner,,yemina,https://github.com/fflushmail/xibo/raw/refs/heads/main/%D7%99%D7%9E%D7%99%D7%A0%D7%94.m4a,ימינה,右边,directions,耶米纳,,6a3ea657eba303645aaa3d97,2026-06-28 15:24:00,2026-06-28 15:24:00,6a3d744fb60a7a4c61d29100,elianahaddad12@gmail.com,FALSE
beginner,,yerek,https://github.com/fflushmail/xibo/raw/refs/heads/main/%D7%99%D7%A9%D7%A8.m4a,ירק,蔬菜,food,耶雷克,,6a3ea657eba303645aaa3dc3,2026-06-28 16:00:00,2026-06-28 16:00:00,6a3d744fb60a7a4c61d29100,elianahaddad12@gmail.com,FALSE
beginner,,kol hakavod,https://github.com/fflushmail/xibo/raw/refs/heads/main/%D7%9B%D7%9C%20%D7%94%D7%9B%D7%91%D7%95%D7%93.m4a,כל הכבוד,干得好 / 太棒了,slang,科尔 哈卡沃德,,f00000000000000000000001,2026-07-21 17:14:40,2026-07-21 17:14:40,6a3d744fb60a7a4c61d29100,elianahaddad12@gmail.com,FALSE
beginner,,sahtein,https://github.com/fflushmail/xibo/raw/refs/heads/main/%D7%A1%D7%97%D7%AA%D7%99%D7%99%D7%9F.m4a,סחתיין,漂亮 / 干得漂亮,slang,萨赫坦,,f00000000000000000000002,2026-07-21 17:14:40,2026-07-21 17:14:40,6a3d744fb60a7a4c61d29100,elianahaddad12@gmail.com,FALSE
beginner,,super,https://github.com/fflushmail/xibo/raw/refs/heads/main/%D7%A1%D7%95%D7%A4%D7%A8.m4a,סופר,超市,daily,苏佩尔,,f00000000000000000000003,2026-07-21 17:14:40,2026-07-21 17:14:40,6a3d744fb60a7a4c61d29100,elianahaddad12@gmail.com,FALSE
beginner,,bevakasha,https://github.com/fflushmail/xibo/raw/refs/heads/main/%D7%91%D7%91%D7%A7%D7%A9%D7%94.m4a,בבקשה,请 / 不客气,greetings,贝瓦卡沙,,f00000000000000000000005,2026-07-21 17:14:40,2026-07-21 17:14:40,6a3d744fb60a7a4c61d29100,elianahaddad12@gmail.com,FALSE
beginner,,ma shlomcha,https://github.com/fflushmail/xibo/raw/refs/heads/main/%D7%9E%D7%94%20%D7%A9%D7%9C%D7%95%D7%9E%D7%9A.m4a,מה שלומך,你好吗 (对男),greetings,玛 什洛姆哈,,f00000000000000000000006,2026-07-21 17:14:40,2026-07-21 17:14:40,6a3d744fb60a7a4c61d29100,elianahaddad12@gmail.com,FALSE
beginner,,me'ule,https://github.com/fflushmail/xibo/raw/refs/heads/main/%D7%9E%D7%A2%D7%95%D7%9C%D7%94.m4a,מעולה,极好,daily,梅乌列,,f00000000000000000000007,2026-07-21 17:14:40,2026-07-21 17:14:40,6a3d744fb60a7a4c61d29100,elianahaddad12@gmail.com,FALSE
beginner,,beseder,https://github.com/fflushmail/xibo/raw/refs/heads/main/%D7%91%D7%A1%D7%93%D7%A8.m4a,בסדר,好的 / 没问题,daily,贝塞德尔,,f00000000000000000000008,2026-07-21 17:14:40,2026-07-21 17:14:40,6a3d744fb60a7a4c61d29100,elianahaddad12@gmail.com,FALSE
beginner,,nachon,https://github.com/fflushmail/xibo/raw/refs/heads/main/%D7%A0%D7%9B%D7%95%D7%9F.m4a,נכון,对的,daily,纳洪,,f00000000000000000000010,2026-07-21 17:14:40,2026-07-21 17:14:40,6a3d744fb60a7a4c61d29100,elianahaddad12@gmail.com,FALSE
beginner,,yofi,https://github.com/fflushmail/xibo/raw/refs/heads/main/%D7%99%D7%95%D7%A4%D7%99.m4a,יופי,太好了 / 漂亮,daily,约菲,,f00000000000000000000011,2026-07-21 17:14:40,2026-07-21 17:14:40,6a3d744fb60a7a4c61d29100,elianahaddad12@gmail.com,FALSE
beginner,,eifo,https://github.com/fflushmail/xibo/raw/refs/heads/main/%D7%90%D7%99%D7%A4%D7%94.m4a,איפה,在哪里,daily,埃佛,,f00000000000000000000012,2026-07-21 17:14:40,2026-07-21 17:14:40,6a3d744fb60a7a4c61d29100,elianahaddad12@gmail.com,FALSE
beginner,,matai,https://github.com/fflushmail/xibo/raw/refs/heads/main/%D7%9E%D7%AA%D7%99.m4a,מתי,什么时候,daily,玛泰,,f00000000000000000000013,2026-07-21 17:14:40,2026-07-21 17:14:40,6a3d744fb60a7a4c61d29100,elianahaddad12@gmail.com,FALSE
beginner,,lama,https://github.com/fflushmail/xibo/raw/refs/heads/main/%D7%9C%D7%9E%D7%94.m4a,למה,为什么,daily,拉玛,,f00000000000000000000014,2026-07-21 17:14:40,2026-07-21 17:14:40,6a3d744fb60a7a4c61d29100,elianahaddad12@gmail.com,FALSE
beginner,,eich,https://github.com/fflushmail/xibo/raw/refs/heads/main/%D7%90%D7%99%D7%9A.m4a,איך,怎么,daily,埃赫,,f00000000000000000000015,2026-07-21 17:14:40,2026-07-21 17:14:40,6a3d744fb60a7a4c61d29100,elianahaddad12@gmail.com,FALSE
beginner,,mi,https://github.com/fflushmail/xibo/raw/refs/heads/main/%D7%9E%D7%99.m4a,מי,谁,daily,米,,f00000000000000000000016,2026-07-21 17:14:40,2026-07-21 17:14:40,6a3d744fb60a7a4c61d29100,elianahaddad12@gmail.com,FALSE
beginner,,mah,https://github.com/fflushmail/xibo/raw/refs/heads/main/%D7%9E%D7%94.m4a,מה,什么,daily,玛,,f00000000000000000000017,2026-07-21 17:14:40,2026-07-21 17:14:40,6a3d744fb60a7a4c61d29100,elianahaddad12@gmail.com,FALSE
beginner,,ahshav,https://github.com/fflushmail/xibo/raw/refs/heads/main/%D7%A2%D7%9B%D7%A9%D7%99%D7%95.m4a,עכשיו,现在,daily,阿赫沙夫,,f00000000000000000000019,2026-07-21 17:14:40,2026-07-21 17:14:40,6a3d744fb60a7a4c61d29100,elianahaddad12@gmail.com,FALSE
beginner,,yom,https://github.com/fflushmail/xibo/raw/refs/heads/main/%D7%99%D7%95%D7%9D.m4a,יום,天,daily,约姆,,f00000000000000000000020,2026-07-21 17:14:40,2026-07-21 17:14:40,6a3d744fb60a7a4c61d29100,elianahaddad12@gmail.com,FALSE
intermediate,,po'el,https://github.com/fflushmail/xibo/raw/refs/heads/main/%D7%A4%D7%95%D7%A2%D7%9C.m4a,פועל,工人,work,坡埃尔,,f00000000000000000000021,2026-07-21 17:14:40,2026-07-21 17:14:40,6a3d744fb60a7a4c61d29100,elianahaddad12@gmail.com,FALSE
intermediate,,kablan,https://github.com/fflushmail/xibo/raw/refs/heads/main/%D7%A7%D7%91%D7%9C%D7%9F.m4a,קבלן,承包商,work,卡布兰,,f00000000000000000000022,2026-07-21 17:14:40,2026-07-21 17:14:40,6a3d744fb60a7a4c61d29100,elianahaddad12@gmail.com,FALSE
intermediate,,zehirut,https://github.com/fflushmail/xibo/raw/refs/heads/main/%D7%96%D7%94%D7%99%D7%A8%D7%95%D7%AA.m4a,זהירות,小心,rules,泽希鲁特,,f00000000000000000000024,2026-07-21 17:14:40,2026-07-21 17:14:40,6a3d744fb60a7a4c61d29100,elianahaddad12@gmail.com,FALSE
intermediate,,betihut,https://github.com/fflushmail/xibo/raw/refs/heads/main/%D7%91%D7%98%D7%99%D7%97%D7%95%D7%AA.m4a,בטיחות,安全,rules,贝蒂胡特,,f00000000000000000000025,2026-07-21 17:14:40,2026-07-21 17:14:40,6a3d744fb60a7a4c61d29100,elianahaddad12@gmail.com,FALSE
intermediate,,kova,https://github.com/fflushmail/xibo/raw/refs/heads/main/%D7%9B%D7%95%D7%91%D7%A2.m4a,כובע,帽子 (安全帽),work,科瓦,,f00000000000000000000026,2026-07-21 17:14:40,2026-07-21 17:14:40,6a3d744fb60a7a4c61d29100,elianahaddad12@gmail.com,FALSE
intermediate,,keilim,https://github.com/fflushmail/xibo/raw/refs/heads/main/%D7%9B%D7%9C%D7%99%D7%9D.m4a,כלים,工具,work,凯林,,f00000000000000000000029,2026-07-21 17:14:40,2026-07-21 17:14:40,6a3d744fb60a7a4c61d29100,elianahaddad12@gmail.com,FALSE
intermediate,,patish,https://github.com/fflushmail/xibo/raw/refs/heads/main/%D7%A4%D7%98%D7%99%D7%A9.m4a,פטיש,锤子,work,帕蒂什,,f00000000000000000000030,2026-07-21 17:14:40,2026-07-21 17:14:40,6a3d744fb60a7a4c61d29100,elianahaddad12@gmail.com,FALSE
intermediate,,masmer,https://github.com/fflushmail/xibo/raw/refs/heads/main/%D7%9E%D7%A1%D7%9E%D7%A8.m4a,מסמר,钉子,work,玛斯梅尔,,f00000000000000000000031,2026-07-21 17:14:40,2026-07-21 17:14:40,6a3d744fb60a7a4c61d29100,elianahaddad12@gmail.com,FALSE
intermediate,,binyan,https://github.com/fflushmail/xibo/raw/refs/heads/main/%D7%91%D7%A0%D7%99%D7%99%D7%9F.m4a,בניין,建筑,work,宾扬,,f00000000000000000000032,2026-07-21 17:14:40,2026-07-21 17:14:40,6a3d744fb60a7a4c61d29100,elianahaddad12@gmail.com,FALSE
intermediate,,atar,https://github.com/fflushmail/xibo/raw/refs/heads/main/%D7%90%D7%AA%D7%A8.m4a,אתר,工地,work,阿塔尔,,f00000000000000000000033,2026-07-21 17:14:40,2026-07-21 17:14:40,6a3d744fb60a7a4c61d29100,elianahaddad12@gmail.com,FALSE
intermediate,,hafsaqah,https://github.com/fflushmail/xibo/raw/refs/heads/main/%D7%94%D7%A4%D7%A1%D7%A7%D7%94.m4a,הפסקה,休息,work,哈夫萨卡,,f00000000000000000000034,2026-07-21 17:14:40,2026-07-21 17:14:40,6a3d744fb60a7a4c61d29100,elianahaddad12@gmail.com,FALSE
intermediate,,mishmeret,https://github.com/fflushmail/xibo/raw/refs/heads/main/%D7%9E%D7%A9%D7%9E%D7%A8%D7%AA.m4a,משמרת,班次,work,米什梅列特,,f00000000000000000000035,2026-07-21 17:14:40,2026-07-21 17:14:40,6a3d744fb60a7a4c61d29100,elianahaddad12@gmail.com,FALSE
intermediate,,beit cholim,https://github.com/fflushmail/xibo/raw/refs/heads/main/%D7%91%D7%99%D7%AA%20%D7%97%D7%95%D7%9C%D7%99%D7%9D.m4a,בית חולים,医院,health,贝特 霍林,,f00000000000000000000038,2026-07-21 17:14:40,2026-07-21 17:14:40,6a3d744fb60a7a4c61d29100,elianahaddad12@gmail.com,FALSE
intermediate,,mirpa'a,https://github.com/fflushmail/xibo/raw/refs/heads/main/%D7%9E%D7%A8%D7%A4%D7%90%D7%94.m4a,מרפאה,诊所,health,米尔帕阿,,f00000000000000000000039,2026-07-21 17:14:40,2026-07-21 17:14:40,6a3d744fb60a7a4c61d29100,elianahaddad12@gmail.com,FALSE
intermediate,,terufa,https://github.com/fflushmail/xibo/raw/refs/heads/main/%D7%AA%D7%A8%D7%95%D7%A4%D7%94.m4a,תרופה,药,health,特鲁法,,f00000000000000000000040,2026-07-21 17:14:40,2026-07-21 17:14:40,6a3d744fb60a7a4c61d29100,elianahaddad12@gmail.com,FALSE
intermediate,,ke'ev,https://github.com/fflushmail/xibo/raw/refs/heads/main/%D7%9B%D7%90%D7%91.m4a,כאב,疼痛,health,凯埃夫,,f00000000000000000000041,2026-07-21 17:14:40,2026-07-21 17:14:40,6a3d744fb60a7a4c61d29100,elianahaddad12@gmail.com,FALSE
intermediate,,p'tsi'a,https://github.com/fflushmail/xibo/raw/refs/heads/main/%D7%A4%D7%A6%D7%99%D7%A2%D7%94.m4a,פציעה,受伤,health,普齐阿,,f00000000000000000000042,2026-07-21 17:14:40,2026-07-21 17:14:40,6a3d744fb60a7a4c61d29100,elianahaddad12@gmail.com,FALSE
intermediate,,mada,https://github.com/fflushmail/xibo/raw/refs/heads/main/%D7%9E%D7%93%D7%90.m4a,"מד""א",救护车,emergency,玛达,,f00000000000000000000043,2026-07-21 17:14:40,2026-07-21 17:14:40,6a3d744fb60a7a4c61d29100,elianahaddad12@gmail.com,FALSE
intermediate,,esh,https://github.com/fflushmail/xibo/raw/refs/heads/main/%D7%90%D7%A9.m4a,אש,火,emergency,埃什,,f00000000000000000000044,2026-07-21 17:14:40,2026-07-21 17:14:40,6a3d744fb60a7a4c61d29100,elianahaddad12@gmail.com,FALSE
intermediate,,sheka,https://github.com/fflushmail/xibo/raw/refs/heads/main/%D7%A9%D7%A7%D7%A2.m4a,שקע,插座,daily,谢卡,,f00000000000000000000045,2026-07-21 17:14:40,2026-07-21 17:14:40,6a3d744fb60a7a4c61d29100,elianahaddad12@gmail.com,FALSE
intermediate,,delet,https://github.com/fflushmail/xibo/raw/refs/heads/main/%D7%93%D7%9C%D7%AA.m4a,דלת,门,daily,德列特,,f00000000000000000000047,2026-07-21 17:14:40,2026-07-21 17:14:40,6a3d744fb60a7a4c61d29100,elianahaddad12@gmail.com,FALSE
intermediate,,halon,https://github.com/fflushmail/xibo/raw/refs/heads/main/%D7%97%D7%9C%D7%95%D7%9F.m4a,חלון,窗户,daily,哈隆,,f00000000000000000000048,2026-07-21 17:14:40,2026-07-21 17:14:40,6a3d744fb60a7a4c61d29100,elianahaddad12@gmail.com,FALSE
intermediate,,mafteach,https://github.com/fflushmail/xibo/raw/refs/heads/main/%D7%9E%D7%A4%D7%AA%D7%97.m4a,מפתח,钥匙,daily,玛夫泰阿赫,,f00000000000000000000049,2026-07-21 17:14:40,2026-07-21 17:14:40,6a3d744fb60a7a4c61d29100,elianahaddad12@gmail.com,FALSE
intermediate,,mispar,https://github.com/fflushmail/xibo/raw/refs/heads/main/%D7%9E%D7%A1%D7%A4%D7%A8.m4a,מספר,数字 / 号码,daily,米斯帕尔,,f00000000000000000000050,2026-07-21 17:14:40,2026-07-21 17:14:40,6a3d744fb60a7a4c61d29100,elianahaddad12@gmail.com,FALSE
advanced,,le'argen,https://github.com/fflushmail/xibo/raw/refs/heads/main/%D7%9C%D7%90%D7%A8%D7%92%D7%9F.m4a,לארגן,组织 / 安排,verbs,莱阿尔根,,f00000000000000000000051,2026-07-21 17:14:40,2026-07-21 17:14:40,6a3d744fb60a7a4c61d29100,elianahaddad12@gmail.com,FALSE
advanced,,letaken,https://github.com/fflushmail/xibo/raw/refs/heads/main/%D7%9C%D7%AA%D7%A7%D7%9F.m4a,לתקן,修理,verbs,莱塔肯,,f00000000000000000000052,2026-07-21 17:14:40,2026-07-21 17:14:40,6a3d744fb60a7a4c61d29100,elianahaddad12@gmail.com,FALSE
advanced,,livnot,https://github.com/fflushmail/xibo/raw/refs/heads/main/%D7%9C%D7%91%D7%A0%D7%95%D7%AA.m4a,לבנות,建造,verbs,利夫诺特,,f00000000000000000000053,2026-07-21 17:14:40,2026-07-21 17:14:40,6a3d744fb60a7a4c61d29100,elianahaddad12@gmail.com,FALSE
advanced,,la'asot,https://github.com/fflushmail/xibo/raw/refs/heads/main/%D7%9C%D7%A2%D7%A9%D7%95%D7%AA.m4a,לעשות,做,verbs,拉阿索特,,f00000000000000000000054,2026-07-21 17:14:40,2026-07-21 17:14:40,6a3d744fb60a7a4c61d29100,elianahaddad12@gmail.com,FALSE
advanced,,lehakin,https://github.com/fflushmail/xibo/raw/refs/heads/main/%D7%9C%D7%94%D7%9B%D7%99%D7%9F.m4a,להכין,准备,verbs,莱哈金,,f00000000000000000000055,2026-07-21 17:14:40,2026-07-21 17:14:40,6a3d744fb60a7a4c61d29100,elianahaddad12@gmail.com,FALSE
advanced,,lishbor,https://github.com/fflushmail/xibo/raw/refs/heads/main/%D7%9C%D7%A9%D7%91%D7%95%D7%A8.m4a,לשבור,打破,verbs,利什波尔,,f00000000000000000000056,2026-07-21 17:14:40,2026-07-21 17:14:40,6a3d744fb60a7a4c61d29100,elianahaddad12@gmail.com,FALSE
advanced,,liftoach,https://github.com/fflushmail/xibo/raw/refs/heads/main/%D7%9C%D7%A4%D7%AA%D7%95%D7%97.m4a,לפתוח,打开,verbs,利夫托阿赫,,f00000000000000000000057,2026-07-21 17:14:40,2026-07-21 17:14:40,6a3d744fb60a7a4c61d29100,elianahaddad12@gmail.com,FALSE
advanced,,lisgor,https://github.com/fflushmail/xibo/raw/refs/heads/main/%D7%9C%D7%A1%D7%92%D7%95%D7%A8.m4a,לסגור,关闭,verbs,利斯戈尔,,f00000000000000000000058,2026-07-21 17:14:40,2026-07-21 17:14:40,6a3d744fb60a7a4c61d29100,elianahaddad12@gmail.com,FALSE
advanced,,lehavi,https://github.com/fflushmail/xibo/raw/refs/heads/main/%D7%9C%D7%94%D7%91%D7%99%D7%90.m4a,להביא,带来,verbs,莱哈维,,f00000000000000000000059,2026-07-21 17:14:40,2026-07-21 17:14:40,6a3d744fb60a7a4c61d29100,elianahaddad12@gmail.com,FALSE
advanced,,lakachat,https://github.com/fflushmail/xibo/raw/refs/heads/main/%D7%9C%D7%A7%D7%97%D7%AA.m4a,לקחת,拿走,verbs,拉卡哈特,,f00000000000000000000060,2026-07-21 17:14:40,2026-07-21 17:14:40,6a3d744fb60a7a4c61d29100,elianahaddad12@gmail.com,FALSE
advanced,,latet,https://github.com/fflushmail/xibo/raw/refs/heads/main/%D7%9C%D7%AA%D7%AA.m4a,לתת,给,verbs,拉泰特,,f00000000000000000000061,2026-07-21 17:14:40,2026-07-21 17:14:40,6a3d744fb60a7a4c61d29100,elianahaddad12@gmail.com,FALSE
advanced,,la'azor,https://github.com/fflushmail/xibo/raw/refs/heads/main/%D7%9C%D7%A2%D7%96%D7%95%D7%A8.m4a,לעזור,帮助,verbs,拉阿佐尔,,f00000000000000000000062,2026-07-21 17:14:40,2026-07-21 17:14:40,6a3d744fb60a7a4c61d29100,elianahaddad12@gmail.com,FALSE
advanced,,lishloach,https://github.com/fflushmail/xibo/raw/refs/heads/main/%D7%9C%D7%A9%D7%9C%D7%95%D7%97.m4a,לשלוח,发送 / 派送,verbs,利什洛阿赫,,f00000000000000000000063,2026-07-21 17:14:40,2026-07-21 17:14:40,6a3d744fb60a7a4c61d29100,elianahaddad12@gmail.com,FALSE
advanced,,levashel,https://github.com/fflushmail/xibo/raw/refs/heads/main/%D7%9C%D7%91%D7%A9%D7%9C.m4a,לבשל,煮饭,verbs,莱瓦谢尔,,f00000000000000000000064,2026-07-21 17:14:40,2026-07-21 17:14:40,6a3d744fb60a7a4c61d29100,elianahaddad12@gmail.com,FALSE
advanced,,lenakot,https://github.com/fflushmail/xibo/raw/refs/heads/main/%D7%9C%D7%A0%D7%A7%D7%95%D7%AA.m4a,לנקות,打扫,verbs,莱纳科特,,f00000000000000000000065,2026-07-21 17:14:40,2026-07-21 17:14:40,6a3d744fb60a7a4c61d29100,elianahaddad12@gmail.com,FALSE
advanced,,lishtof,https://github.com/fflushmail/xibo/raw/refs/heads/main/%D7%9C%D7%A9%D7%98%D7%95%D7%A3.m4a,לשטוף,洗,verbs,利什托夫,,f00000000000000000000066,2026-07-21 17:14:40,2026-07-21 17:14:40,6a3d744fb60a7a4c61d29100,elianahaddad12@gmail.com,FALSE
advanced,,lechakot,https://github.com/fflushmail/xibo/raw/refs/heads/main/%D7%9C%D7%97%D7%9B%D7%95%D7%AA.m4a,לחכות,等待,verbs,莱哈科特,,f00000000000000000000067,2026-07-21 17:14:40,2026-07-21 17:14:40,6a3d744fb60a7a4c61d29100,elianahaddad12@gmail.com,FALSE
advanced,,lemaher,https://github.com/fflushmail/xibo/raw/refs/heads/main/%D7%9C%D7%9E%D7%94%D7%A8.m4a,למהר,赶快,verbs,莱玛赫尔,,f00000000000000000000068,2026-07-21 17:14:40,2026-07-21 17:14:40,6a3d744fb60a7a4c61d29100,elianahaddad12@gmail.com,FALSE
advanced,,le'acher,https://github.com/fflushmail/xibo/raw/refs/heads/main/%D7%9C%D7%90%D7%97%D7%A8.m4a,לאחר,迟到,verbs,莱阿赫尔,,f00000000000000000000069,2026-07-21 17:14:40,2026-07-21 17:14:40,6a3d744fb60a7a4c61d29100,elianahaddad12@gmail.com,FALSE
advanced,,lishkoach,https://github.com/fflushmail/xibo/raw/refs/heads/main/%D7%9C%D7%A9%D7%9B%D7%95%D7%97.m4a,לשכוח,忘记,verbs,利什科阿赫,,f00000000000000000000070,2026-07-21 17:14:40,2026-07-21 17:14:40,6a3d744fb60a7a4c61d29100,elianahaddad12@gmail.com,FALSE
advanced,,lizkor,https://github.com/fflushmail/xibo/raw/refs/heads/main/%D7%9C%D7%96%D7%9B%D7%95%D7%A8.m4a,לזכור,记得,verbs,利兹科尔,,f00000000000000000000071,2026-07-21 17:14:40,2026-07-21 17:14:40,6a3d744fb60a7a4c61d29100,elianahaddad12@gmail.com,FALSE
advanced,,lehasbir,https://github.com/fflushmail/xibo/raw/refs/heads/main/%D7%9C%D7%94%D7%A1%D7%91%D7%99%D7%A8.m4a,להסביר,解释,verbs,莱哈斯比尔,,f00000000000000000000072,2026-07-21 17:14:40,2026-07-21 17:14:40,6a3d744fb60a7a4c61d29100,elianahaddad12@gmail.com,FALSE
advanced,,lishmoa,https://github.com/fflushmail/xibo/raw/refs/heads/main/%D7%9C%D7%A9%D7%9E%D7%95%D7%A2.m4a,לשמוע,听,verbs,利什莫阿,,f00000000000000000000073,2026-07-21 17:14:40,2026-07-21 17:14:40,6a3d744fb60a7a4c61d29100,elianahaddad12@gmail.com,FALSE
advanced,,ledaber,https://github.com/fflushmail/xibo/raw/refs/heads/main/%D7%9C%D7%93%D7%91%D7%A8.m4a,לדבר,说话,verbs,莱达贝尔,,f00000000000000000000074,2026-07-21 17:14:40,2026-07-21 17:14:40,6a3d744fb60a7a4c61d29100,elianahaddad12@gmail.com,FALSE
advanced,,lesayem,https://github.com/fflushmail/xibo/raw/refs/heads/main/%D7%9C%D7%A1%D7%99%D7%99%D7%9D.m4a,לסיים,结束 / 完成,verbs,莱萨耶姆,,f00000000000000000000076,2026-07-21 17:14:40,2026-07-21 17:14:40,6a3d744fb60a7a4c61d29100,elianahaddad12@gmail.com,FALSE
advanced,,leshalem,https://github.com/fflushmail/xibo/raw/refs/heads/main/%D7%9C%D7%A9%D7%9C%D7%9D.m4a,לשלם,支付,verbs,莱沙列姆,,f00000000000000000000077,2026-07-21 17:14:40,2026-07-21 17:14:40,6a3d744fb60a7a4c61d29100,elianahaddad12@gmail.com,FALSE
advanced,,lachzor,https://github.com/fflushmail/xibo/raw/refs/heads/main/%D7%9C%D7%97%D7%96%D7%95%D7%A8.m4a,לחזור,返回,verbs,拉赫佐尔,,f00000000000000000000078,2026-07-21 17:14:40,2026-07-21 17:14:40,6a3d744fb60a7a4c61d29100,elianahaddad12@gmail.com,FALSE
advanced,,le'abed,https://github.com/fflushmail/xibo/raw/refs/heads/main/%D7%9C%D7%90%D7%91%D7%93.m4a,לאבד,丢失,verbs,莱阿贝德,,f00000000000000000000079,2026-07-21 17:14:40,2026-07-21 17:14:40,6a3d744fb60a7a4c61d29100,elianahaddad12@gmail.com,FALSE
advanced,,limtso,https://github.com/fflushmail/xibo/raw/refs/heads/main/%D7%9C%D7%9E%D7%A6%D7%95%D7%90.m4a,למצוא,找到,verbs,利姆佐,,f00000000000000000000080,2026-07-21 17:14:40,2026-07-21 17:14:40,6a3d744fb60a7a4c61d29100,elianahaddad12@gmail.com,FALSE